{"train_loss": [3.4171465617596817, 3.361627308301592, 3.2445039407990306, 3.152390872775053, 3.157128305420778, 3.0856213497029366, 3.0760223160394937, 2.946881599819933, 2.8451391724954465, 2.824868056355872, 2.791197774634084, 2.7142699322591284, 2.685570504273511, 2.608154821239849, 2.5653212181183003, 2.530593029684004, 2.5030157340134, 2.439124560884226, 2.443691635803945, 2.3812847656535165, 2.3757593873883565, 2.362491235515797, 2.317573018137646, 2.329421816531099, 2.2835677837863426, 2.3075474546563557, 2.288297949616206, 2.236842599438385, 2.1629908876697512, 2.172492384670545, 2.1256428455304297, 2.0947709597840345, 2.0805804411110156, 2.136239294558126, 2.07301754568015, 2.035576190691645], "val_loss": [4.259005104643958, 4.65188667007855, 4.840191719361714, 4.602377521140235, 5.348181295394897, 5.075473322187151, 4.76559026326452, 4.828141181809562, 5.291981324127742, 4.966164834158761, 4.863434570176261, 5.108939097608839, 5.478044352361134, 5.148476165533066, 4.819715066467013, 5.457748408828463, 5.164897808006832, 4.852168617929731, 5.4669597787516455, 5.635571411677769, 5.732149398326873, 5.456888227803367, 5.7290286311081475, 4.401367382492338, 4.870728026117598, 5.272918995789119, 4.755096181801387, 5.215651431253979, 6.189134749344417, 5.398040860039847, 5.616558822563716, 5.613660197598594, 5.690791063649314, 5.483071234396526, 6.530623186486108, 5.755395626170294], "map": [0.17732392867363408, 0.10843816390701687, 0.16529597997765322, 0.10704311390286769, 0.1336758013266679, 0.15887847953952183, 0.16975524055752814, 0.12083508069227183, 0.1488734913706292, 0.1442736593799363, 0.19877766865430477, 0.21164991572921157, 0.19580006637466313, 0.2097317196967904, 0.21092634001692906, 0.13232788795122094, 0.2244610942279833, 0.1953670154910245, 0.26077395383559215, 0.2185189830807787, 0.19888886813578452, 0.20151130877841011, 0.20756192258391354, 0.2192100172717914, 0.23891435020960966, 0.19285320426089744, 0.21648300802496923, 0.19689412692706412, 0.24649805323620583, 0.2367645600792666, 0.2315494093136064, 0.24306458650249313, 0.23570459616994152, 0.2224582174550882, 0.2250358541122498, 0.21700782580931605]}